language,source,target,p_lag,dmax,lead_days,ty_pvalue,pearson_r,abs_r
Arabic,34,23,2,1,6,0.0062455883819526,0.7163194247872743,0.7163194247872743
